Participant._id_in_session,Participant.code,Participant.label,Participant._current_page,Participant._current_app_name,Participant._round_number,Participant._current_page_name,Participant.status,Participant.ip_address,Participant.time_started,Participant.exclude_from_data_analysis,Participant.name,Participant.visited,Participant.mturk_worker_id,Participant.mturk_assignment_id,Player.id_in_group,Player.role,Player.id,Player.payoff,Player.question,Group.id,Subsession.id,Subsession.round_number,Session.code,Session.label,Session.experimenter_name,Session.real_world_currency_per_point,Session.time_scheduled,Session.time_started,Session.mturk_HITId,Session.mturk_HITGroupId,Session.participation_fee,Session.comment,Session.is_demo,Session.use_cli_bots
P10,bkdkazck,,121/121 pages,MLG_survey,1,Payment_info,Playing,10.152.73.88,2016-08-22 17:38:06.930981+00:00,0,100,1,,,10,,22,,6.5,2,2,1,2t6cux37,,,200.00000,,,,,5000.00,,1,
P6,2z3woarf,,121/121 pages,MLG_survey,1,Payment_info,Playing,10.179.98.230,2016-08-22 17:38:52.462263+00:00,0,96,1,,,6,,18,,6.5,2,2,1,2t6cux37,,,200.00000,,,,,5000.00,,1,
P5,ee6dngxr,,121/121 pages,MLG_survey,1,Payment_info,Playing,10.93.189.130,2016-08-22 17:39:05.178238+00:00,0,95,1,,,5,,17,,6.5,2,2,1,2t6cux37,,,200.00000,,,,,5000.00,,1,
P1,tpmnllyw,,121/121 pages,MLG_survey,1,Payment_info,Playing,10.170.185.250,2016-08-22 17:38:34.927355+00:00,0,91,1,,,1,,13,,6.5,2,2,1,2t6cux37,,,200.00000,,,,,5000.00,,1,
P7,z6185o9m,,121/121 pages,MLG_survey,1,Payment_info,Playing,10.93.183.121,2016-08-22 17:38:42.115072+00:00,0,97,1,,,7,,19,,6.5,2,2,1,2t6cux37,,,200.00000,,,,,5000.00,,1,
P8,mihn323q,,121/121 pages,MLG_survey,1,Payment_info,Playing,10.63.227.88,2016-08-22 17:38:31.594973+00:00,0,98,1,,,8,,20,,6.5,2,2,1,2t6cux37,,,200.00000,,,,,5000.00,,1,
P12,0a2wbu80,,121/121 pages,MLG_survey,1,Payment_info,Playing,10.102.236.103,2016-08-22 17:37:41.508841+00:00,0,102,1,,,12,,24,,6.5,2,2,1,2t6cux37,,,200.00000,,,,,5000.00,,1,
P3,l739scml,,121/121 pages,MLG_survey,1,Payment_info,Playing,10.65.93.238,2016-08-22 17:39:16.840737+00:00,0,93,1,,,3,,15,,6.5,2,2,1,2t6cux37,,,200.00000,,,,,5000.00,,1,
P11,w8txiz3u,,121/121 pages,MLG_survey,1,Payment_info,Playing,10.111.206.121,2016-08-22 17:37:54.880974+00:00,0,101,1,,,11,,23,,6.5,2,2,1,2t6cux37,,,200.00000,,,,,5000.00,,1,
P2,24wb7l7g,,121/121 pages,MLG_survey,1,Payment_info,Playing,10.37.199.190,2016-08-22 17:38:46.764842+00:00,0,92,1,,,2,,14,,6.5,2,2,1,2t6cux37,,,200.00000,,,,,5000.00,,1,
P4,ngpbmulp,,121/121 pages,MLG_survey,1,Payment_info,Playing,10.95.237.20,2016-08-22 17:39:17.156757+00:00,0,94,1,,,4,,16,,6.5,2,2,1,2t6cux37,,,200.00000,,,,,5000.00,,1,
P9,9o9clpsq,,121/121 pages,MLG_survey,1,Payment_info,Playing,10.180.37.142,2016-08-22 17:38:18.596573+00:00,0,99,1,,,9,,21,,6.5,2,2,1,2t6cux37,,,200.00000,,,,,5000.00,,1,
P2,pcf7gm29,,121/121 pages,MLG_survey,1,Payment_info,Playing,10.186.213.164,2016-08-09 22:10:35.221718+00:00,0,36,1,,,2,,2,,6.5,1,1,1,zt62io3i,,,200.00000,,,,,5000.00,,1,
P4,gjn6gq0v,,121/121 pages,MLG_survey,1,Payment_info,Playing,10.170.178.66,2016-08-09 22:05:30.571238+00:00,0,38,1,,,4,,4,,6.5,1,1,1,zt62io3i,,,200.00000,,,,,5000.00,,1,
P5,ui2o6507,,121/121 pages,MLG_survey,1,Payment_info,Playing,10.5.200.32,2016-08-09 22:04:59.226294+00:00,0,39,1,,,5,,5,,6.5,1,1,1,zt62io3i,,,200.00000,,,,,5000.00,,1,
P1,39l6xjub,,121/121 pages,MLG_survey,1,Payment_info,Playing,10.61.152.141,2016-08-09 22:06:54.257638+00:00,0,35,1,,,1,,1,,6.5,1,1,1,zt62io3i,,,200.00000,,,,,5000.00,,1,
P6,xz57rkvf,,121/121 pages,MLG_survey,1,Payment_info,Playing,10.81.228.101,2016-08-09 22:04:25.655661+00:00,0,40,1,,,6,,6,,6.5,1,1,1,zt62io3i,,,200.00000,,,,,5000.00,,1,
P8,3w4yh997,,121/121 pages,MLG_survey,1,Payment_info,Playing,10.13.217.57,2016-08-09 22:06:06.530302+00:00,0,42,1,,,8,,8,,6.5,1,1,1,zt62io3i,,,200.00000,,,,,5000.00,,1,
P12,aavgcaym,,121/121 pages,MLG_survey,1,Payment_info,Playing,10.51.167.27,2016-08-09 22:04:48.957997+00:00,0,46,1,,,12,,12,,9.5,1,1,1,zt62io3i,,,200.00000,,,,,5000.00,,1,
P7,6ka3vdrx,,121/121 pages,MLG_survey,1,Payment_info,Playing,10.158.172.100,2016-08-09 22:06:15.709595+00:00,0,41,1,,,7,,7,,6.5,1,1,1,zt62io3i,,,200.00000,,,,,5000.00,,1,
P9,6rza2p22,,121/121 pages,MLG_survey,1,Payment_info,Playing,10.142.28.175,2016-08-09 22:05:46.014145+00:00,0,43,1,,,9,,9,,6.5,1,1,1,zt62io3i,,,200.00000,,,,,5000.00,,1,
P11,52oux9ov,,121/121 pages,MLG_survey,1,Payment_info,Playing,10.51.193.29,2016-08-09 22:04:58.893949+00:00,0,45,1,,,11,,11,,6.5,1,1,1,zt62io3i,,,200.00000,,,,,5000.00,,1,
P3,nlbztv8j,,121/121 pages,MLG_survey,1,Payment_info,Playing,10.237.244.41,2016-08-09 22:06:01.585342+00:00,0,37,1,,,3,,3,,6.5,1,1,1,zt62io3i,,,200.00000,,,,,5000.00,,1,
P10,0rblqk8z,,121/121 pages,MLG_survey,1,Payment_info,Playing,10.93.189.130,2016-08-09 22:05:09.983129+00:00,0,44,1,,,10,,10,,6.5,1,1,1,zt62io3i,,,200.00000,,,,,5000.00,,1,
P8,b3i274az,,121/121 pages,MLG_survey,1,Payment_info,Playing,10.180.37.142,2016-08-24 19:24:48.791579+00:00,0,166,1,,,8,,44,,6.5,4,4,1,0fpbzs3z,,,200.00000,,,,,5000.00,,1,
P3,qorbl9h6,,121/121 pages,MLG_survey,1,Payment_info,Playing,10.170.178.66,2016-08-24 19:23:00.624743+00:00,0,161,1,,,3,,39,,6.5,4,4,1,0fpbzs3z,,,200.00000,,,,,5000.00,,1,
P4,1ws6fjdv,,121/121 pages,MLG_survey,1,Payment_info,Playing,10.13.200.15,2016-08-24 19:23:23.546293+00:00,0,162,1,,,4,,40,,6.5,4,4,1,0fpbzs3z,,,200.00000,,,,,5000.00,,1,
P12,s9vmyr55,,121/121 pages,MLG_survey,1,Payment_info,Playing,10.179.236.35,2016-08-24 19:23:22.130324+00:00,0,170,1,,,12,,48,,6.5,4,4,1,0fpbzs3z,,,200.00000,,,,,5000.00,,1,
P1,sjcpjyj5,,121/121 pages,MLG_survey,1,Payment_info,Playing,10.179.239.229,2016-08-24 19:22:20.332262+00:00,0,159,1,,,1,,37,,6.5,4,4,1,0fpbzs3z,,,200.00000,,,,,5000.00,,1,
P7,f5j0x68s,,121/121 pages,MLG_survey,1,Payment_info,Playing,10.141.33.163,2016-08-22 22:28:37.829446+00:00,0,121,1,,,7,,31,,3.0,3,3,1,m7yiq95t,,,200.00000,,,,,5000.00,,1,
P2,7s3nsihj,,121/121 pages,MLG_survey,1,Payment_info,Playing,10.184.171.93,2016-08-22 22:28:40.454912+00:00,0,116,1,,,2,,26,,6.5,3,3,1,m7yiq95t,,,200.00000,,,,,5000.00,,1,
P9,frno2noq,,121/121 pages,MLG_survey,1,Payment_info,Playing,10.142.28.175,2016-08-22 22:30:18.753979+00:00,0,123,1,,,9,,33,,6.5,3,3,1,m7yiq95t,,,200.00000,,,,,5000.00,,1,
P6,skf3koob,,121/121 pages,MLG_survey,1,Payment_info,Playing,10.35.233.184,2016-08-22 22:29:38.557601+00:00,0,120,1,,,6,,30,,6.5,3,3,1,m7yiq95t,,,200.00000,,,,,5000.00,,1,
P3,c7noh4z6,,121/121 pages,MLG_survey,1,Payment_info,Playing,10.13.200.15,2016-08-22 22:28:53.833365+00:00,0,117,1,,,3,,27,,6.5,3,3,1,m7yiq95t,,,200.00000,,,,,5000.00,,1,
P12,t9kl2n8x,,121/121 pages,MLG_survey,1,Payment_info,Playing,10.13.220.50,2016-08-22 22:30:17.425605+00:00,0,126,1,,,12,,36,,6.5,3,3,1,m7yiq95t,,,200.00000,,,,,5000.00,,1,
P4,3k9j4xgn,,121/121 pages,MLG_survey,1,Payment_info,Playing,10.138.145.240,2016-08-22 22:29:08.183207+00:00,0,118,1,,,4,,28,,9.5,3,3,1,m7yiq95t,,,200.00000,,,,,5000.00,,1,
P10,ydsge81s,,121/121 pages,MLG_survey,1,Payment_info,Playing,10.33.196.195,2016-08-22 22:30:33.853887+00:00,0,124,1,,,10,,34,,6.5,3,3,1,m7yiq95t,,,200.00000,,,,,5000.00,,1,
P11,enoytqa1,,121/121 pages,MLG_survey,1,Payment_info,Playing,10.184.171.93,2016-08-22 22:30:29.823319+00:00,0,125,1,,,11,,35,,6.5,3,3,1,m7yiq95t,,,200.00000,,,,,5000.00,,1,
P5,doui53it,,121/121 pages,MLG_survey,1,Payment_info,Playing,10.111.201.32,2016-08-22 22:29:19.633131+00:00,0,119,1,,,5,,29,,3.0,3,3,1,m7yiq95t,,,200.00000,,,,,5000.00,,1,
P8,ihne4spc,,121/121 pages,MLG_survey,1,Payment_info,Playing,10.184.171.93,2016-08-22 22:28:22.599381+00:00,0,122,1,,,8,,32,,6.5,3,3,1,m7yiq95t,,,200.00000,,,,,5000.00,,1,
P1,ut05vfix,,121/121 pages,MLG_survey,1,Payment_info,Playing,10.237.244.41,2016-08-22 22:28:31.035820+00:00,0,115,1,,,1,,25,,6.0,3,3,1,m7yiq95t,,,200.00000,,,,,5000.00,,1,
P7,9ztf0gck,,121/121 pages,MLG_survey,1,Payment_info,Playing,10.51.167.27,2016-08-24 19:26:18.989753+00:00,0,165,1,,,7,,43,,6.5,4,4,1,0fpbzs3z,,,200.00000,,,,,5000.00,,1,
P10,cur8pcqa,,121/121 pages,MLG_survey,1,Payment_info,Playing,10.7.190.70,2016-08-24 19:24:49.518930+00:00,0,168,1,,,10,,46,,6.5,4,4,1,0fpbzs3z,,,200.00000,,,,,5000.00,,1,
P6,92slnsbb,,121/121 pages,MLG_survey,1,Payment_info,Playing,10.93.189.130,2016-08-24 19:22:48.197065+00:00,0,164,1,,,6,,42,,6.5,4,4,1,0fpbzs3z,,,200.00000,,,,,5000.00,,1,
P2,9kvkd4i6,,121/121 pages,MLG_survey,1,Payment_info,Playing,10.178.230.6,2016-08-24 19:22:41.174258+00:00,0,160,1,,,2,,38,,3.0,4,4,1,0fpbzs3z,,,200.00000,,,,,5000.00,,1,
P11,jklv5j48,,121/121 pages,MLG_survey,1,Payment_info,Playing,10.142.28.175,2016-08-24 19:23:41.215015+00:00,0,169,1,,,11,,47,,6.5,4,4,1,0fpbzs3z,,,200.00000,,,,,5000.00,,1,
P5,aqz8kpeg,,121/121 pages,MLG_survey,1,Payment_info,Playing,10.170.144.135,2016-08-24 19:22:26.031067+00:00,0,163,1,,,5,,41,,6.5,4,4,1,0fpbzs3z,,,200.00000,,,,,5000.00,,1,
P9,mjdnctyz,,121/121 pages,MLG_survey,1,Payment_info,Playing,10.168.218.13,2016-08-24 19:25:33.904216+00:00,0,167,1,,,9,,45,,6.5,4,4,1,0fpbzs3z,,,200.00000,,,,,5000.00,,1,
